{"cameraMode":{"drawMode":0,"name":"Shaded","section":"Shading Mode"},"sceneLighting":true,"audioPlay":false,"sceneViewState":{"showFog":true,"showMaterialUpdate":false,"showSkybox":false,"showFlares":true,"showImageEffects":true,"showParticleSystems":true},"in2DMode":false,"pivot":{"x":-1.746114730834961,"y":1.488884687423706,"z":0.762993335723877},"rotation":{"x":0.3636961281299591,"y":0.017604095861315728,"z":-0.006877121049910784,"w":0.9313396215438843},"size":2.788113832473755,"orthographic":false}